Country,Government_Type,Capital,Mean_Temp,Real_GDP_PPP_billion_USD,Real_GDP_per_Capita_USD,Real_GDP_Growth_Rate_percent,Youth_Unemployment_Rate_percent,Population_Growth_Rate,Median_Age,Total_Literacy_Rate,electricity_access_percent,electricity_capacity_per_capita,internet_users_per_100,broadband_subs_per_100,mobile_subs_per_100,population_density,road_density_per_1000km2,rail_density_per_1000km2,airports_per_million,co2_per_capita_tonnes,co2_per_gdp_tonnes_per_billion,fossil_intensity_index,water_share,coastline_per_1000km2
AFGHANISTAN,Theocracy,Kabul,14.24,60.8,1500.0,-20.74,20.2,2.26,19.5,37.3%,97.0,0.019779770102484953,17.893554912299532,0.0677253210854414,58.62560726251983,60.15056498474465,53.51333118685126,,1.1725121452503968,201187.7904882909,129819.07894736843,-0.18888048154328643,0.0,0.0
ALBANIA,Republic,Tirana,14.29,40.82,14500.0,8.52,27.8,0.19,34.3,98.4%,100.0,0.8160249108450065,73.86460176791427,16.4087423963147,84.97060085677779,113.20610993503175,143.9886123074677,15.4755821592817,,0.967236164573299,0.07349338559529642,-0.2013448712779321,0.046959788507026576,13.212643258632017
ALGERIA,Republic,Algiers,24.18,487.72,11000.0,3.5,31.9,1.27,28.9,81.4%,99.0,0.48469116343261437,69.79695743355248,8.46871016250403,105.07231514407643,18.79231066363247,43.66555543426235,1.6878416619782177,3.3289842053775027,3.373668557127536,0.3096038710735668,-0.09446259838183546,0.0,0.41902138772494063
AMERICAN SAMOA,Republic,Pago Pago,27.92,658.0,11200.0,-1.87,,1.74,27.2,,59.0,1.05333930972658,40.643209323173465,,5.042581801882564,199.19642857142858,1075.892857142857,,,7956073.509636934,539.5136778115501,,0.0,517.8571428571429
ANDORRA,Democracy,Andorra la Vella,9.14,1798.0,37900.0,5.52,36.9,0.11,46.2,100%,100.0,1355.3259699536668,51691.86128141527,18941.009500631815,66463.87887864464,182.6239316239316,574.7863247863247,0.0,0.0,3276.079936350447,0.1557285873192436,1.745921687491598,0.0,0.0
ANGOLA,Republic,Luanda,21.71,203.87,5900.0,1.1,18.5,3.34,15.9,71.1%,48.0,0.20410612951773452,32.100024454382265,0.6409165921580169,42.5995505829823,28.861218416619877,20.855057351407716,2.2146466672014116,2.834807354412979,0.5280523503318295,0.09319664492078285,-0.1889049530712487,0.0,1.2833881447020132
ANGUILLA,Democracy,The Valley,,175.4,12200.0,-8.5,,1.77,35.7,,100.0,,68.43125949997379,26.206824257036534,136.27548613658996,209.65934065934067,1923.076923076923,,4926.882960322869,,,,0.0,670.3296703296703
ANTIGUA AND BARBUDA,Democracy,Saint John’s,28.23,1.78,19100.0,5.27,,1.13,32.7,99%,100.0,1.1528342973130092,87.97012484111579,7.882627673935106,177.3591226635399,229.09480812641084,2641.083521444695,,29.55985377725665,7183044.467873366,409550.5617977528,,0.0,345.372460496614
ARGENTINA,Republic,Buenos Aires,15.56,986.13,21500.0,10.4,29.9,0.8,32.4,99%,100.0,0.9594428980902451,83.97350709850684,20.53020765136139,126.69130633112842,17.035852434875707,102.78475092173392,6.528324362642462,24.40915736349956,4.139690132825497,0.19571456096052245,-0.15328284982193188,0.015720759602934828,1.8230051631715685
ARMENIA,Democracy,Yerevan,8.87,39.61,14200.0,5.7,36.1,0.4,36.6,99.8%,100.0,1.2154196710638787,74.00243083934213,14.399260510971395,120.41379804094288,105.98485976669149,273.02060064532145,24.323653512037726,3.6800485498768687,2.0072992090237465,0.15147689977278464,-0.1977682851607394,0.05177688867968934,0.0
ARUBA,Democracy,Oranjestad,29.63,4.14,38900.0,17.17,,1.11,39.9,97.8%,100.0,2406.5040650406504,86829.26829268293,15447.154471544716,113821.13821138212,0.6833333333333333,5555.555555555556,,,8130.081300813008,0.24154589371980678,,0.0,380.55555555555554
AUSTRALIA,Democracy,Canberra,22.77,1279.0,49800.0,2.24,10.8,1.19,37.5,,100.0,3.118418893558961,84.31223325532973,32.0091714779311,106.83580610166612,3.44443278705596,113.71242987126251,4.694427450112596,18.139790211814553,15758942.746513892,326035.96559812356,2.6863176303016325,0.007611203402047739,3.3531624643661404
AUSTRIA,Republic,Vienna,9.26,484.7,54100.0,4.56,11.4,0.31,44.5,,100.0,3.1737439127779656,92.57497600901927,29.147084284956925,121.71331393176942,108.4463581781794,1662.1869124871127,74.26769361392444,5.8159953293083655,7.2699941616354575,0.13410356921807304,-0.1787212886653559,0.017002301152961096,0.0
AZERBAIJAN,Republic,Baku,13.94,146.31,14400.0,5.6,16.5,0.63,32.6,99.8%,100.0,0.7367198262273985,82.52951029771562,19.149475817653926,103.80553168437453,126.11207929419453,302.3272700867734,,3.5506882337389274,3.35875914002331,0.2392180985578566,-0.08916283659713385,0.045854503464203236,0.0
"BAHAMAS, THE",Democracy,Nassau,,12.32,30200.0,13.72,30.8,0.8,32.8,,100.0,1.612237383824071,107.50108784183338,23.151505684670916,129.98315239827284,35.81498501498501,269.73026973026975,,170.14962009215972,8.3680141028931,0.2435064935064935,,0.2788184438040346,353.84615384615387
BAHRAIN,Monarchy,Manama,28.57,72.27,49400.0,2.23,9.9,0.85,32.9,97.5%,100.0,4.493251113659561,96.5321780362266,9.584229473719436,123.78276141235585,2044.5868421052633,5423.684210526316,,472.36412452393546,27.67255770371829,0.5949910059499101,,0.0,211.8421052631579
BANGLADESH,Republic,Dhaka,26.18,1001.0,5900.0,6.94,14.7,0.91,27.9,74.9%,98.0,0.11042293911698076,39.656794666896836,6.01301023991673,108.2763443361798,1284.3548052546669,2835.561189214105,18.898363678266882,0.10766550588297782,0.5742160313758817,0.0959040959040959,-0.18725460302526967,0.12319816785666172,4.455711761542599
BARBADOS,Republic,Bridgetown,27.41,3.87,13800.0,-0.19,30.6,0.24,39.5,99.6%,100.0,1.0249447156025588,79.35906351032031,42.18421980615033,104.35090679594373,705.6534883720931,3953.4883720930234,,,3.2956421723554943,0.25839793281653745,,0.0,225.58139534883722
BELARUS,Republic,Minsk,9.34,184.48,19800.0,2.3,11.3,0.32,40.9,99.9%,100.0,1.210590148843977,89.00395178824732,34.693126586701645,125.32258337806442,46.24865943814687,426.8112370625924,27.24494825036964,6.926792224899516,5.75456584837806,0.292714657415438,-0.16322353735348513,0.022639691714836225,0.0
BELGIUM,Democracy,Brussels,11.77,599.81,51700.0,6.13,19.6,0.55,41.6,,100.0,2.2603516492408318,91.659697759701,39.73775253946466,98.54355929883017,393.47489926679435,3910.892397120021,118.96426448246253,3.4414355385968323,10.74399387659499,0.21340091028825797,-0.17676466129379254,0.008189203354297694,2.196314155492437
BELIZE,Democracy,Belmopan,26.63,3.5,8800.0,15.23,19.3,1.61,23.9,,97.0,0.4867143678558562,59.16919766090801,8.589077079809227,62.03222335417775,18.37836534245374,143.86564939051127,,112.13517298639825,1290747.4167157756,154571.42857142858,,0.006966820517286423,16.925370516530737
BENIN,Republic,Porto-Novo,28.57,43.17,3300.0,7.16,3.9,3.31,17.0,45.8%,41.0,0.03340387293644938,31.08318281665395,0.2108382135805661,89.53491119633124,128.54502720977743,144.6366907125165,3.959429408255139,0.4219436581446237,0.4219436581446237,0.13898540653231412,-0.19792768465802357,0.017758519649801994,
BERMUDA,Democracy,Hamilton,,5.13,80300.0,5.41,29.3,0.32,43.6,,100.0,2.369929453262787,88.18342151675485,31.690917107583775,93.69488536155202,1344.0,8277.777777777777,,,10967813.051146384,155165.69200779728,,0.0,1907.4074074074074
BHUTAN,Monarchy,Thimphu,10.81,8.48,10900.0,4.09,18.8,0.96,29.1,70.9%,100.0,2.663833157760782,76.55952366006568,0.3639658928919938,88.79535164537921,22.820779288430483,317.8882116997448,,3.4239500742426507,1065989.7897808787,110141.50943396226,,0.0,0.0
BOLIVIA,Republic,La Paz,21.8,97.27,8100.0,6.11,17.4,1.06,25.3,92.5%,98.0,0.3146212986145913,64.99219314104234,7.647398314092663,98.75154264140254,11.249024047794657,83.60372601889965,3.6554937178125013,70.16202668635252,1.3950344487344946,0.17477125526883933,,0.01390885150935616,0.0
BOSNIA AND HERZEGOVINA,Republic,Sarajevo,12.23,51.24,15700.0,7.55,32.9,0.23,43.3,98.1%,100.0,1.254016793057553,65.86542653378729,20.23297662355125,97.925580471899,74.38927852775119,447.8871588489265,18.85244300310626,6.3029116300274906,4.201941086684994,0.312256049960968,0.05575914820249724,0.00019532394476238843,0.3907242073182644
BOTSWANA,Republic,Gaborone,22.54,38.41,14800.0,11.37,41.2,1.37,25.7,88.5%,73.0,0.3168436744600835,79.58318925080948,10.73483741700433,172.0946345046898,4.26586910874667,56.01785682776631,1.5668837012333916,30.60891894261903,2.06817019882561,0.13017443374121324,,0.025785158063018926,0.0
BRAZIL,Republic,Brasília,26.02,3128.0,14600.0,4.62,31.9,0.64,33.2,94.3%,99.0,0.8918433248796376,64.43328664908618,14.403966803072539,94.67604511536405,26.164883215643673,239.28768840914367,3.5713687495064694,18.716011468246318,2085145.6705400245,145780.05115089513,-0.18219110473643876,0.01851036371343989,0.8962520369364476
BRITISH VIRGIN ISLANDS,Democracy,Road Town,,500.0,34200.0,2.0,,1.87,37.2,,100.0,0.8382229673093042,61.18265640478549,17.11498895069725,88.90243592674439,260.72185430463577,1324.5033112582782,,101.60278391627931,4394320.40437908,346.0,,0.0,529.8013245033113
BRUNEI,Monarchy,Bandar Seri Begawan,,26.78,60100.0,-1.59,23.4,1.43,31.1,97.6%,100.0,2.60004824831801,90.92952240350853,14.655529690241675,124.4324121478543,92.11604938271606,565.2421652421652,,861.8716635978811,18.557045388471128,0.33607169529499625,,0.08673026886383348,30.579297245963915
BULGARIA,Republic,Sofia,13.24,167.8,24400.0,7.63,14.2,0.66,43.7,98.4%,99.0,1.6252825241046227,75.79379167560081,30.97736936518928,115.7448969907448,62.934822885269476,179.85233525979592,37.13740563559439,9.959377456890541,5.565534461203538,0.22646007151370678,0.26498780417653983,0.02155502845444133,3.2630036224870724
BURKINA FASO,Republic,Ouagadougou,29.94,48.17,2200.0,6.91,7.7,2.46,17.9,46%,18.0,0.017430646259885777,21.521512218838563,0.0621589296089141,109.73443343240639,82.13705624543462,55.89481373265157,2.2717311906501094,1.0227164897381962,0.17786373734577324,0.08303923603902844,,0.0014587892049598833,0.0
BURMA,Republic,Rangoon,24.58,216.95,4000.0,-17.91,6.4,0.75,29.2,89.1%,72.0,0.12501230587190582,40.98651010785817,1.187133899771733,117.18086882879821,88.70632494169926,240.24189451391564,7.698452046493692,1.104013740279008,0.5347566554476445,0.14289006683567643,-0.17948408850948672,0.03409806408130327,2.9532920790564154
BURUNDI,Republic,Gitega,20.27,8.85,700.0,1.8,3.4,3.59,17.7,74.7%,10.0,0.007597080047089741,5.728198355505665,0.032135648599189603,58.80515252201786,512.5760124610592,479.82866043613706,,0.5317956032962818,54319.122336691646,80790.9604519774,,0.07725476104922745,0.0
CABO VERDE,Republic,Praia,22.87,3.6,6100.0,6.95,34.3,1.19,26.8,90.8%,95.0,0.3394596134134568,68.38869284866227,4.113091384183831,97.72644854040645,149.73989585916192,334.73840813290354,,707.069536231932,1.6559005532363749,0.2777777777777778,,0.0,239.27597322092734
CAMBODIA,Monarchy,Phnom Penh,28.25,72.24,4400.0,3.03,1.8,1.04,26.4,83.9%,82.0,0.17488349733841407,60.386312554225576,1.383746431953358,117.81126850033849,95.69297226864572,267.75628133586383,3.6370846670254657,0.9472362753604011,0.769629473730326,0.1799557032115172,,0.024967547711768442,2.5097017250658586
CAMEROON,Republic,Yaounde,25.12,100.65,3700.0,3.65,6.6,2.73,18.5,77.1%,65.0,0.058203331513566686,41.213533489081996,2.3977482942840083,74.47110957848975,63.750993209367266,164.13657422098115,2.087960906263883,1.0950455757968647,0.2322823948660016,0.06954793840039741,,0.005742049469964664,0.8504156882655328
CANADA,Democracy,Ottawa,-2.98,1832.0,47900.0,4.54,14.0,0.73,41.8,,100.0,3.9788158581246345,88.14514293215292,39.95665676343915,93.36201281437764,4.2356305438594815,114.6202449725942,5.434866878092248,38.08733948795661,15889196.841601532,334061.135371179,0.1941285438915609,0.08925312504068737,22.22244949060907
CENTRAL AFRICAN REPUBLIC,,Bangui,25.42,4.48,800.0,0.9,11.8,1.77,20.0,37.4%,15.0,0.00684409934174173,10.89652658356249,0.008987383082971376,32.41941793456609,8.912312354731421,38.52426386552463,,6.844099341741729,51330.745063062976,63616.07142857142,,0.0,0.0
CHAD,Republic,N’Djamena,27.41,24.49,1400.0,-1.2,2.4,3.05,16.1,26.8%,11.0,0.004696821520512288,16.519855003181153,,53.98645425876194,14.710264453621347,31.766200762388817,,3.185200801266954,0.05398645425876193,0.040832993058391186,,19314.641744548288,0.0
CHILE,Republic,Santiago; note - Valparaiso is the seat of the national legislature,9.73,496.08,25400.0,11.67,21.4,0.63,35.5,97%,100.0,1.6069473084845556,92.18598689977824,20.290761071873963,143.24852204568575,24.938367490710018,104.5976671524525,,25.930678186428853,4.744074179637711,0.17739074342847927,-0.19644788119712686,0.016254420699852664,8.651379649696429
CHINA,Communist,Beijing,8.52,17730.0,12500.0,3.0,16.7,0.18,38.4,96.8%,100.0,1.684189257113502,71.5242625939034,34.21805526374932,123.86999693306305,151.52055785666724,531.8874036204713,16.083358977355704,0.3771734764880238,8162798.28514944,650603.4968979132,0.17417679097436603,0.02819121888598056,1.5547247011443845
COLOMBIA,Republic,Bogota,25.58,754.64,14600.0,10.68,26.4,0.54,31.2,95.6%,99.0,0.4006976261407032,76.94107890283318,15.738407142110376,152.01741089864302,47.49827091556754,197.72696640030807,2.0612303841340136,16.94487406816874,1.6417880377053446,0.10733594826672321,-0.04000448521158828,0.08798763730233293,3.0884759795898717
COMOROS,Republic,Moroni,24.39,2.65,3200.0,2.11,21.7,1.34,20.9,62%,87.0,0.03939764379577162,24.92182381823953,0.1199939665322644,96.06822771387854,397.48456375838924,393.73601789709176,,237.5115097402232,366960.9107834728,123018.86792452831,,0.0,152.12527964205816
"CONGO, DEMOCRATIC REPUBLIC OF THE",Republic,Kinshasa,24.42,102.96,1100.0,6.2,10.1,3.13,16.7,80%,20.0,0.026095135695063203,18.865308048472908,0.02771323078269816,42.01683376731657,49.3416672253962,67.21207490975048,1.7674967623093998,1.7700708693465277,0.017879503730773006,0.019425019425019428,-0.19580004253745276,0.033183246064367226,0.016320783679922086
"CONGO, REPUBLIC OF THE",Republic,Brazzaville,25.28,18.88,3200.0,-2.2,42.3,2.33,19.5,80.6%,49.0,0.11078833562630548,31.605322983225165,0.017613407889714702,97.90691067342576,16.62516251830161,68.29868228404099,1.493411420204978,4.75562013022297,0.7045363155885881,0.21186440677966104,,0.0014619883040935672,0.49487554904831627
COSTA RICA,Republic,Yamoussoukro,25.21,146.32,5300.0,7.04,5.7,2.16,20.3,89.9%,71.0,0.07486834059826586,41.40420292530406,0.8863464171409721,151.85461692814417,92.27852252966167,257.846624088452,2.075452118376242,0.9200933983400901,0.3748528659904071,0.07517769272826681,,0.013831044181813107,1.619481577217825
CROATIA,Republic,Zagreb,13.82,123.35,31600.0,13.07,23.6,0.47,43.9,99.4%,100.0,1.1848685095769276,79.6548242976716,24.72808586890797,105.5879262378578,74.48527887947976,481.61646478722264,46.753850001786546,16.549782826074495,3.8376308002491584,0.12971220105391165,-0.1850686037808783,0.01095522493550553,104.24482795583664
CUBA,Communist,Havana,26.42,137.0,12300.0,1.25,7.4,0.19,42.1,99.7%,100.0,0.6807771436560837,71.09064703775924,2.108634154786822,64.65786283492024,100.03618648697869,546.3485703879076,76.1883081405937,12.106345782358487,1.4564025001333518,0.11678832116788321,-0.1938246298120105,0.00938120151542486,34.01019850664724
CURACAO,Democracy,Willemstad,,3.17,20800.0,4.23,42.2,0.3,36.7,,100.0,,73.24614488809218,35.98322527461743,111.22087812154479,344.2545045045045,1238.7387387387387,,,,,,0.0,819.8198198198198
CZECHIA,Republic,Prague,10.59,428.02,40700.0,3.54,7.6,0.0,43.3,99%,100.0,2.1001767006574297,85.27735502335928,35.91760769091526,122.63784995706243,138.59751187748392,721.6332025839191,123.6035056377594,11.955642325290238,9.246942110966668,0.2312976029157516,0.2419915059065847,0.020540910647038686,0.0
DENMARK,Monarchy,Copenhagen,10.03,352.44,59700.0,3.8,10.1,0.44,42.0,,100.0,2.968731713419777,98.21785294865431,43.55622951062253,122.54741226813458,140.14667483621625,1757.0344535042655,63.20403450063628,13.452196945544163,5.549031240036967,0.09363295880149813,-0.1817421100941098,0.01531535712628208,172.3617853607956
DJIBOUTI,Republic,Djibouti,29.22,5.43,4900.0,4.81,79.9,1.93,24.9,,65.0,0.13317720866717275,77.75500106029547,2.566529699029753,50.12984777845049,42.111432269197586,124.80586712683348,4.184641932700604,13.317720866717274,624908.4406690414,112338.8581952118,,0.0008620689655172414,13.546160483175152
DOMINICA,Republic,Roseau,27.7,787.7,10900.0,6.68,,0.02,34.9,,100.0,0.5625803686240891,78.11830261465924,21.431633090441494,83.04757822546078,99.40878828229027,2013.3155792276964,,10072.867552507501,2437848.2640377195,231.05243112860225,,,197.0705725699068
DOMINICAN REPUBLIC,Republic,Port-au-Prince,25.6,32.86,2900.0,-1.8,35.7,1.18,24.1,61.7%,47.0,0.30103935734330717,37.40106698531097,0.270264120406676,63.64284125705596,237.38122930463575,84.89238410596026,,1.2205476405462787,0.2615459229742026,0.09129640900791236,,0.007191288267926854,26.655629139072847
ECUADOR,Republic,Quito,21.79,189.88,10700.0,4.24,14.2,1.1,28.8,94.5%,100.0,0.5350240566354479,78.24598134245166,13.563191580366343,96.03207078561596,63.15295061063932,158.75538666599238,3.48575536138072,24.709257266037362,2.0591047721697806,0.18959342742784918,-0.20126758052798324,0.023698604533063432,8.080450511304322
EGYPT,Republic,Cairo,23.95,1264.0,11600.0,3.33,24.3,1.59,24.1,73.1%,100.0,0.5461231518387771,72.29792001074975,8.534686387689199,94.43407068691788,110.04743583304034,65.34733035310663,5.108242503390426,0.20082755558541598,2.145203434662398,0.18591772151898733,-0.1699103628169281,0.005991312596734735,2.4611984529609723
EL SALVADOR,Republic,San Salvador,26.01,57.37,9100.0,10.28,13.7,0.46,27.7,89.1%,97.0,0.39167753397643573,60.11477696645296,8.875600731252566,167.68331674837975,318.63182278847546,434.9210945417692,,10.299331906572943,1.0602253433236852,0.1220149904131079,,0.01520840264245996,14.815887264128179
EQUATORIAL GUINEA,Republic,"Malabo; note - Malabo is on the island of Bioko; in 2017, some governmental offices began to move to a new capital of Ciudad de la",25.03,23.92,14600.0,-0.95,18.3,3.36,20.3,95.3%,66.0,0.20084076894967184,49.72103850215371,0.057547498266381614,37.405873873148046,61.947702399201454,102.67013653702186,,4.028324878646713,2.3018999306552645,0.16722408026755853,,0.0,10.552208477416135
ERITREA,Republic,Asmara,27.19,9.7,1600.0,5.0,14.6,1.08,20.3,76.6%,52.0,0.03633584263137798,12.621924282478666,0.07968386541968854,28.686191551087877,62.12669306930693,158.41584158415841,3.0297029702970297,2.071780500911902,127175.44920982292,82268.04123711342,,0.141156462585034,22.11881188118812
ESTONIA,Republic,Tallinn,7.58,51.53,38700.0,8.01,17.1,0.74,43.7,99.9%,100.0,2.5192016375642066,98.35694842371142,34.55463341874785,164.6907700775382,28.375058978956307,1378.0315183542514,33.99547041615552,14.96555428255964,3.325678729457698,0.07762468464971861,-0.20185276505502384,0.0627929601132042,89.5064640936114
ESWATINI,Monarchy,Mbabane,21.44,10.56,8900.0,7.88,50.9,0.72,23.7,88.4%,82.0,0.2530877143613119,62.65248313559749,1.0619064938236864,123.88909094609674,65.68489886073006,219.0769588467798,17.49593117879563,12.388909094609675,0.8849220781864053,0.0946969696969697,,0.009214466712739,0.0
ETHIOPIA,Republic,Addis Ababa,24.17,278.94,2300.0,5.64,5.7,2.42,19.8,51.8%,54.0,0.04169574893636343,17.516336044106545,0.18203251183091115,55.81185504249634,106.20636347884768,109.58807919239082,0.6009648266868508,0.48942703652650643,0.13738302779691408,0.05736000573600057,,0.00699990944489722,0.0
FAROE ISLANDS,Democracy,Torshavn,6.6,2.0,40000.0,5.9,,0.63,37.2,,100.0,2.4334600760456273,98.34220532319392,35.06273764258555,112.16730038022814,37.76022972002872,689.1600861450107,,8764.25855513308,16539923.954372624,435000.0,,0.0,801.8664752333094
FIJI,Republic,Suva,25.33,9.58,10400.0,-5.11,18.1,0.42,29.9,99.1%,92.0,0.4146619397315776,52.75597197602769,2.433316451422301,104.45682451253481,51.863850279085035,188.24559483419065,32.66936631279413,29.543344306575502,1.0551194395205536,0.10438413361169102,,0.0,61.781766444128266
FINLAND,Republic,Helsinki,3.59,275.55,49600.0,2.1,18.1,0.22,42.8,,100.0,3.636609101568045,91.10224093701905,32.878736416370906,124.67559854528511,18.48022974507513,1494.3304313480244,19.47895923506081,26.35998369243171,7.302427914795271,0.14879332244601706,-0.16973695105436826,0.10152449393011874,4.114345901288613
FRANCE,Monarchy,Madrid,12.65,3048.0,45900.0,6.8,18.8,0.12,46.3,98.6%,100.0,2.935267474504217,127.95075316988495,66.74768293740966,156.34458855548718,73.73613698360624,1644.5512134872515,43.50222585868491,9.825801041547615,7.157587827679082,0.11089238845144357,-0.19724907310580098,0.005240749859040293,7.577756715441416
FRENCH POLYNESIA,Democracy,Papeete,24.65,5.65,18600.0,1.02,38.9,0.7,33.3,,100.0,0.9021917953616728,72.34118770896353,21.228042243804065,107.10807727007376,78.77920041808206,676.7703161745493,,179.1116064320968,3.3168816005943853,0.17699115044247787,,0.08159347252219823,659.7857329500914
GABON,Republic,Libreville,25.64,32.34,13800.0,1.46,38.4,2.39,21.0,85.5%,91.0,0.32702530441717753,69.07575307587321,1.860665529864418,131.16922391556074,9.304132853644433,55.49798771282315,2.518754826966589,18.35346096218853,0.8342482255540242,0.061842918985776124,,0.037359853848251745,3.4346656731362577
"GAMBIA, THE",Republic,Banjul,28.84,5.48,2100.0,4.27,15.5,2.23,21.8,58.1%,63.0,0.05549773978365604,34.7569786382313,0.20254649556078846,1093.7510760282578,243.92974308300396,294.1699604743083,,996.5287581590792,245486.3526196756,110583.94160583941,,0.10442477876106195,7.905138339920949
GAZA STRIP,,,,27.78,5600.0,7.05,39.6,1.99,18.0,97.5%,100.0,0.10245955349556254,171.67703414381222,17.961922217472548,193.14655195009124,5828.858333333334,,,,1.4296681883101752,0.1079913606911447,,0.0,111.11111111111111
GEORGIA,Republic,Tbilisi,10.32,57.43,15500.0,10.47,28.3,0.01,38.6,99.6%,100.0,0.9276009391478388,58.504291597706015,19.99049912993098,104.60190544102066,70.82338593974175,291.1764705882353,19.555236728837876,4.456698113398658,2.0257718697266625,0.17412502176562772,-0.19757098647963503,0.0,4.4476327116212335
GERMANY,Republic,Berlin,11.19,4260.0,51200.0,1.8,7.5,0.12,47.8,,100.0,2.5884531432512663,93.95319179069949,44.806361382444855,127.28540227364026,241.54559012481644,2380.460719530103,112.93995502936856,6.399891028497397,8630722.060640475,170629.3427230047,-0.007135723374069601,0.023387914470256736,6.851711637298091
GHANA,Republic,Accra,28.36,178.46,5400.0,5.36,9.6,2.19,21.4,79%,86.0,0.15694563931327538,66.30007805327371,0.23155095441680543,119.52353821180179,148.7525501795344,288.85919844593974,4.16203363907653,0.2954548932855335,0.5318188079139602,0.10086293847360753,-0.1956131445688849,0.04611521257016849,2.3688871504353215
GIBRALTAR,Democracy,Gibraltar,,2.04,61700.0,,,0.19,35.5,,100.0,1.451280839717844,105.14023422997738,70.90688177123764,114.7524384893179,4558.307692307692,4461.538461538462,,,472.51004083836784,6.862745098039215,,0.0,1846.1538461538462
GREECE,Republic,Athens,16.05,314.43,29500.0,8.43,36.9,0.35,45.3,97.9%,100.0,2.0523748534783444,74.30273314983098,40.552393191011845,109.49182169820803,80.35083086484956,895.542951617718,17.94913009866281,7.335013400688443,6.668194000625857,0.2226250675826098,0.003326440839479768,0.009927476374879696,104.67902056687105
GREENLAND,Democracy,Nuuk,-18.56,2.41,41800.0,0.36,,0.04,34.3,100%,100.0,3.2365820309119546,67.36244526368624,27.08517230039635,115.27943645395227,0.026673456178563548,,,259.61887948491614,10471294.805891618,251037.34439834024,,,20.353300838470865
GRENADA,Democracy,Saint George’s,27.23,1.71,13700.0,4.69,,0.29,33.3,98.6%,93.0,0.4811940611903866,81.89048023167307,27.996745378349768,87.48982930734302,332.26453488372096,3276.1627906976746,,1994.768108207421,2764678.6061120396,184795.3216374269,,0.0,351.74418604651163
GUAM,Republic,Hagatna,27.91,5.79,35600.0,1.06,15.3,0.13,29.4,,100.0,2.6870607689127737,80.81852004960727,1.7716884190633675,57.87515502273667,311.26838235294116,1920.955882352941,,29.528140317722787,5.905628063544558,0.17271157167530224,,0.0,230.6985294117647
GUATEMALA,Republic,Guatemala City,24.58,152.73,8900.0,7.98,7.2,1.54,23.2,83.3%,97.0,0.28836309479615563,51.0544495704669,3.4036299713644604,123.04700184969492,167.79554680428149,162.74881251224815,7.465541858360007,16.18392682462513,1.0566825074497508,0.12440254043082564,,0.015887738890062356,3.7327709291800035
GUERNSEY,Democracy,Saint Peter Port,,3.46,52500.0,0.4,15.8,0.22,44.3,,100.0,,81.41243606043582,37.4560184500754,105.6813813902605,867.2051282051282,3333.3333333333335,,,,,,0.0,641.025641025641
GUINEA-BISSAU,Republic,Bissau,28.47,58.99,3500.0,6.06,5.0,2.54,18.0,52.9%,67.0,0.631127274126668,474.3075398543404,7.39905330908881,955.3487555440105,73.92674253200569,592.6386913229019,32.21906116642958,9.62084259339433,4.8104212966971645,0.16952025767079165,-0.2063254276584999,0.2215916955017301,12.446657183499289
GUYANA,Republic,Georgetown,27.11,17.64,21900.0,20.06,29.9,0.28,27.5,88.8%,92.0,0.47995614716465906,85.8868894926232,11.998903679116475,108.62165435831757,4.022062596203181,20.294743686785303,,147.77597162701346,2.5260849850771527,0.11337868480725623,,0.08429122338569747,2.331736508694482
HONDURAS,Republic,"Tegucigalpa; note - article eight of the Honduran constitution states that the twin cities of Tegucigalpa and Comayaguela, jointly,",25.54,57.27,5600.0,12.53,15.5,1.16,24.4,88.5%,94.0,0.4169734850416117,50.14965492858271,4.146916757423612,78.99312448230928,85.54251497005988,131.75440164447224,6.247207078380552,10.761280120091708,0.8358275821430452,0.1396891915488039,,0.001784280488892854,7.355438376977388
HUNGARY,Republic,Budapest,13.53,326.19,33600.0,7.12,13.5,0.31,43.6,99.1%,100.0,1.1244043309577065,89.2760285952164,,105.98390342759764,107.91457235961074,2272.1297205606643,85.78475136148558,4.23991332376216,4.96380096440448,0.14715349949415985,-0.08958118457883137,0.036763125080620886,0.0
ICELAND,Republic,Reykjavik,1.24,19.96,53600.0,4.4,13.4,0.89,37.1,,100.0,8.221751756855616,102.52942871710745,39.29814449444679,121.170387284134,3.599720698254364,128.6583541147132,,266.02230153627875,8.313196923008713,0.1503006012024048,,0.02669902912621359,49.576059850374065
INDIA,Republic,New Delhi,25.43,9279.0,6600.0,8.68,28.3,0.7,28.7,74.4%,99.0,0.30930125384869733,40.02345417296809,1.6438204392469034,83.35670506513287,470.59830458365803,2143.0990184626426,23.047612448973208,0.2472877704258385,1654353.754739782,249459.85558788662,-0.12036872003317232,0.09554148846624076,2.354371209672564
INDONESIA,Republic,Jakarta; note - Indonesian lawmakers on 18 January 2022 approved the relocation of the country’s capital from Jakarta to a site on,26.38,3246.0,11900.0,3.69,16.1,0.76,31.1,96%,99.0,0.2471228817339697,59.89773460112435,4.194350673240876,130.91362229274316,154.27308923921748,274.1308777087707,4.503830657292104,2.4080749932232193,2.014481755103525,0.17344423906346274,0.09386814333446813,0.04882994525270547,30.20365219320931
IRAN,Republic,Tehran,19.18,1319.0,15000.0,4.72,27.2,0.93,31.7,88.7%,100.0,0.9196506124559347,79.36900000985263,10.919168484597705,155.15249402754554,57.1893176721,145.91651187161096,,3.6419319624774147,7.3751976418821625,0.489764973464746,-0.061706069572978604,0.07074405637682435,1.5931104502169307
IRAQ,Republic,Baghdad,23.85,390.17,9000.0,2.78,27.2,1.94,21.2,85.6%,100.0,0.6874648637214621,52.2462633925578,15.155533563874412,91.23494536400318,94.35121762730155,136.32258492295944,5.194722052646862,2.4717619972360367,3.465313388281895,0.3665069072455596,,0.002167381141958902,0.13261174254116107
IRELAND,Republic,Dublin,10.25,515.88,102500.0,13.59,17.4,0.91,37.8,,100.0,2.1468856727969676,89.2187834276955,28.483763402304774,100.93677844308903,77.2903474006649,1449.2690504188263,24.505320616117185,7.513160709700673,6.57401562098809,0.06784523532604482,-0.1875100413208459,0.019780000853812988,21.021151808138438
ISRAEL,Democracy,Jerusalem; note - the US recognized Jerusalem as Israel’s capital in December 2017 without taking a position on the specific,20.95,393.86,42100.0,8.61,8.8,1.43,30.4,97.8%,100.0,2.1002086939329256,88.57300920551117,28.773279303429128,138.22254869773903,420.68135088617015,948.5509605991534,69.63762385449132,4.6442776362440314,6.745260376449664,0.15487736759254556,-0.14051092006008684,0.020057437206546017,12.699446434386193
ITALY,Republic,Rome,14.58,2478.0,41900.0,6.74,30.9,0.11,46.5,99.2%,100.0,1.9901394344698304,72.51500302637473,29.708678964282548,128.01140345536857,207.45854015094852,1658.0539878969198,62.81022642279187,2.1139966983960092,5.440673673391279,0.13397901533494755,-0.1865142508439237,0.023893276697418198,25.8380363092405
JAMAICA,Democracy,Kingston,26.66,27.14,9600.0,4.6,26.1,0.09,29.4,88.7%,100.0,0.4310555685927808,81.39009749087374,13.66910529737517,102.9927876179288,260.4544363401348,2042.3783584156588,,9.925621645228507,3.5448648732958947,0.36845983787767134,-0.20506185493610518,0.014557365116913839,94.35878496907027
JAPAN,Monarchy,Tokyo,13.11,4940.0,39300.0,1.0,4.1,0.41,48.6,,100.0,2.4733421006036265,94.21813768364788,35.346160150129606,165.4552705861315,339.4357463270093,3343.8193615649475,74.93038122282124,1.4144930313909627,9181167.119700495,229936.63967611335,-0.19628804696899005,0.03553709167405369,81.6247582205029
JERSEY,Democracy,Saint Helier,,5.57,56600.0,1.0,15.8,0.61,37.5,,100.0,,93.43581261857275,38.62333998151482,120.72092231356717,886.0775862068965,4965.51724137931,,,4378070.730164907,80789.9461400359,,0.0,603.448275862069
JORDAN,Monarchy,Amman,20.3,102.82,9200.0,2.23,40.5,0.79,23.5,98.4%,99.0,0.5090777106584132,82.35080613591978,5.687392010402359,65.62414875604281,124.8475935226684,81.11303799463975,5.731852886196257,1.6235646335668743,2.0745548095576725,0.2236918887375997,,0.006044189742786148,0.2927861985090426
KAZAKHSTAN,Republic,Astana,7.93,496.13,26100.0,4.3,3.7,0.73,31.6,99.8%,100.0,1.2803257395925307,88.46947501220868,13.408063176517734,124.45593063747552,7.239124347149684,35.62136533688928,6.162166166611105,4.91212816724814,13.457184458190216,0.530102997198315,0.5975284108560006,0.009248045799845866,0.0
KENYA,Republic,Nairobi,25.23,251.43,4700.0,7.52,13.8,2.09,20.0,82.6%,76.0,0.057912076147228764,26.940333244034687,1.1817130910949245,114.081391426671,100.24247812489018,283.6771268932073,6.710124046807464,3.452990012410432,0.29797375741612864,0.0676132521974307,-0.19704857817994736,0.019344656053841794,0.9417717960431529
KIRIBATI,Republic,Tarawa,27.81,249.64,1900.0,1.5,22.5,1.02,25.7,,92.0,0.09534375758416254,60.84665256734736,0.1603508650279097,47.26190063446937,142.2589395807645,826.1405672009864,,164.6846721908262,658738.6887633047,304.4383912834482,,0.0,1409.371146732429
"KOREA, SOUTH",Republic,"Seoul; note - Sejong, located some 120 km",13.64,2289.0,44200.0,4.15,7.8,0.23,43.2,,100.0,2.612987778308628,98.06232992555191,42.96419716624498,140.19582600848526,536.1839455220801,1036.1947998349153,41.054477919933966,2.1359730419419667,13.200698259208911,0.2996941896024465,-0.1672274603363683,0.02807862013638187,24.896822121337184
KOSOVO,Republic,Pristina,,21.23,11900.0,10.75,48.8,,,,100.0,0.7249302178303307,89.40975713310462,,90.5072831560122,180.4286764030495,184.80756865986956,40.13961605584642,3.0544812549030786,4.072641673204105,0.3768252472915685,,0.0,0.0
KUWAIT,Monarchy,Kuwait City,27.27,191.52,43900.0,-8.86,25.5,1.13,29.7,96.5%,100.0,6.241501749592406,138.5496748915768,2.3826677578796103,222.90967205614163,174.18228757436302,322.65125154338307,,2.255459823816367,29.64318625587225,0.4803675856307435,0.29988108480280656,0.0,28.005387810079693
KYRGYZSTAN,Republic,Bishkek,3.54,32.22,4800.0,3.61,19.3,0.82,27.3,99.6%,99.0,0.7555390271185594,82.80550945722214,4.720077363537909,138.8258048099385,31.922570789516218,177.2670632582729,2.2106245535737563,4.573085334915621,1.1432713337289053,0.21725636250775918,-0.14812489221889866,0.04075998619661817,0.0
LAOS,Communist,Vientiane,25.05,58.26,7800.0,2.53,3.3,1.3,24.0,87.1%,100.0,1.1902128489245996,58.42816767457803,1.6300796561346964,61.420548198335354,34.02243067590988,171.5164644714038,1.82842287694974,5.2213488985564505,5.093998925420927,0.6865774116031583,,0.02533783783783784,0.0
LATVIA,Republic,Riga,8.51,60.46,32100.0,4.07,15.5,1.13,44.4,99.9%,100.0,1.6956223411554823,94.90874159462055,26.928447920955126,118.6620008233841,29.265530369965784,1128.4357981654323,35.59896544522803,23.054755043227665,4.391381912995746,0.13231888852133641,-0.21437307658827817,0.0362290792549815,8.000128516120741
LEBANON,Republic,Beirut,16.36,72.58,13000.0,-7.0,29.6,0.64,33.7,95.1%,100.0,0.706782315361092,91.3865031963705,8.104549761095198,80.65721751732208,521.1342130987292,2121.7008797653957,39.19843597262952,1.5005993956711083,4.6893731114722135,0.3444475062000551,,0.016346153846153847,21.994134897360702
LESOTHO,Monarchy,Maseru,13.21,5.24,2300.0,1.35,37.4,0.76,24.7,81%,50.0,0.03347437807772027,49.94015324027456,0.2288923690179251,82.39102959044551,72.82642068851919,195.68440125185307,,10.8565550522336,332934.35493516375,140458.01526717556,,0.0,0.0
LIBERIA,Republic,Monrovia,25.94,7.39,1400.0,4.99,3.2,2.71,18.0,48.3%,29.0,0.03559571979630531,32.10879214278969,0.23609405987345358,30.873838598836237,57.166528239202655,110.04983388704319,4.4539036544850505,5.266713643330887,0.181610815287272,0.13531799729364005,,0.13512736937567904,6.011212624584718
LIBYA,Other,Tripoli,23.26,147.94,22000.0,31.37,50.5,1.54,25.8,91%,70.0,1.4499681699170763,42.680025419944066,4.577685739943604,39.985809174206175,4.121857417279516,21.028223285631473,,20.1307866877038,5.239519822827016,0.2568608895498175,,0.0,1.005944735555884
LIECHTENSTEIN,Monarchy,Vaduz,9.07,618.23,71000.0,4.22,9.1,0.7,43.7,,100.0,573.1252969269622,20883.654639561923,10072.357662590954,27656.589903233064,249.95625,447231.25,33100.0,1575.2756732428174,950.1662790988423,0.0614657975187228,-3.7221849405275207,0.0,0.0
LITHUANIA,,,9.21,110.09,39300.0,5.98,19.0,1.04,44.5,99.8%,100.0,1.3224111410879391,91.7253285788787,30.00329473162999,140.32367443533008,42.37005424377792,1342.7887683471602,30.488194001276323,22.968986220490972,5.271570607981534,0.12716868017076938,-0.15109064137907105,0.04012251148545176,1.4358647096362476
LUXEMBOURG,Monarchy,Luxembourg,11.11,74.05,115700.0,5.1,15.2,1.58,39.5,,100.0,2.8732501770248926,95.86578789694428,35.5797338271874,133.14692763464484,255.57772621809744,1111.755607115236,104.79505027068832,3.026066537151019,16.643365954330605,0.1485482781904119,,0.0,0.0
MACAU,Republic,,23.99,44.49,64800.0,19.27,9.2,0.71,40.8,97.1%,100.0,0.7469088443070077,94.87929921824582,32.50147272298276,437.51982511707564,22694.007092198583,15177.304964539007,,,3.1251416079791117,0.04495392222971454,,0.0,1453.9007092198583
MADAGASCAR,Republic,Antananarivo,23.1,42.32,1500.0,4.4,4.8,2.22,20.3,77.3%,35.0,0.02037331761776567,20.130364937485673,0.11106408241371404,56.50257816178184,49.54464869140558,54.40726347284796,1.4375623344911788,2.8807246376057085,0.13883010301714258,0.0945179584120983,,0.009370725383746621,8.302094438903602
MALAWI,Republic,Lilongwe,23.24,29.66,1500.0,2.75,9.9,2.28,16.8,67.3%,14.0,0.029041903378151383,22.55681815778748,0.057590376359101164,56.11071957800704,226.18619260204082,164.24319727891157,8.15263605442177,1.5037878771858322,0.04699337116205725,0.033715441672285906,,0.20596873839505755,0.0
MALAYSIA,Monarchy,Kuala Lumpur; note - nearby Putrajaya is referred to as a federal government administrative center but not the capital; Parliament,27.06,884.11,26300.0,3.09,15.6,1.01,29.2,95%,100.0,1.0215963044975924,96.37645556433048,9.815319853389724,137.93610310936813,104.12063336548438,439.3729633021661,5.632011489181731,3.331387588681757,7.422565329168124,0.28729456741808146,-0.0841526282559097,0.003607733282400628,14.224556300337435
MALDIVES,Republic,Male,28.37,9.79,18800.0,41.75,17.7,0.17,29.5,97.9%,100.0,1.3989855429604074,114.793822901265,16.34759528503368,181.23742196484312,1307.275167785235,312.0805369127517,,23.102513553474616,5.133891900772137,0.20429009193054137,,0.0,2161.0738255033557
MALI,Republic,Bamako,29.69,46.45,2100.0,3.05,17.3,2.93,16.0,35.5%,53.0,0.041667208964611055,35.019182365763,1.1414287133512317,102.44632865540103,17.505242626148387,114.00437636761488,0.48598988682090494,1.170427218107052,0.23408544362141043,0.1076426264800861,,0.016128147899680048,0.0
MALTA,Republic,Valletta,20.62,23.16,44700.0,10.3,9.8,0.59,42.3,94.9%,100.0,1.6783049120388407,98.70744833432519,45.68649949265527,138.0651970081646,1478.2848101265822,9797.468354430379,,841.2931510602863,19.266255367792816,0.38860103626943004,,0.0,622.7848101265823
MARSHALL ISLANDS,Other,Majuro; note - the capital is an atoll of 64 islands; governmental buildings are housed on three fused islands on the eastern side of the,28.62,250.69,6000.0,1.11,26.0,1.3,23.8,98.3%,99.0,,20.075093249018106,1.2350863325346442,19.761381320554307,447.3259668508287,11204.419889502762,,185.26294988019663,3627448.55865425,1171.5664765247916,,0.0,2046.4088397790056
MAURITANIA,Republic,Nouakchott,29.25,24.49,5300.0,2.45,23.0,1.96,21.0,67%,47.0,0.1545391881698367,63.93587754465499,0.43480637134918837,153.41691798916247,4.118441835645678,11.888037256233627,0.7063160958571844,7.067340922401068,0.942312122986809,0.16333197223356474,,0.0,0.7315416707092267
MEXICO,Republic,Mexico City,22.68,2418.0,19100.0,4.72,8.1,0.61,29.3,95.2%,100.0,0.7193810929540083,76.07283740110887,16.89011869202858,95.41501232306818,66.81028990017721,362.6049090895061,12.0317190043957,13.197251346710587,3.564951793189616,0.1914805624483044,-0.1802573090360283,0.010400254533884823,4.799518504895972
"MICRONESIA, FEDERATED STATES OF",Republic,Palikir,27.96,375.06,3300.0,-3.19,18.9,0.7,26.3,,83.0,,43.86008632462445,5.980920862448788,21.930043162312224,142.9045584045584,,,,1764371.6544223926,471.924492081267,,0.0,8706.552706552708
MOLDOVA,Republic,Chisinau in Romanian,12.92,36.64,14000.0,13.94,8.6,1.14,37.7,99.6%,100.0,0.1827393177486024,58.17509256946248,22.119486902451662,119.98586692885965,98.82739959259372,284.3331002401873,35.60244443768812,2.153493643502048,2.4611355925737697,0.2183406113537118,-0.2005495232472975,0.02835957578801217,0.0
MONACO,Monarchy,Monaco,14.47,7.67,115700.0,21.55,26.6,0.66,55.4,,100.0,,100.70576320536759,66.07272842358451,114.74190587714023,15798.5,,,,,,,0.0,2050.0
MONGOLIA,Republic,Ulaanbaatar,2.36,39.06,11700.0,1.64,21.0,0.83,29.8,99.2%,100.0,0.45431255966884027,85.14904769452502,9.435386862964096,143.98249345409016,2.09549446560021,72.86509144182764,1.16828746437206,13.515721856273814,6.757860928136907,0.5632360471070148,,0.006751417414053689,0.0
MONTENEGRO,Republic,Podgorica; note - Cetinje retains the status of “Old Royal Capital”,11.71,12.76,20600.0,12.43,31.6,0.43,39.6,99%,99.0,1.6715202217629825,85.75056644174987,30.571421457560444,185.92137041555662,44.78479036574487,577.0145703241154,18.584597085935176,1039.099004888413,3.3198051274390195,0.15673981191222572,,0.026064291920069503,21.818316978887896
MOROCCO,Monarchy,Rabat,19.18,303.34,8100.0,7.93,27.2,0.88,29.1,75.9%,100.0,0.38273502714782953,87.83994138248629,5.671918898051173,140.31729211258835,51.74845735027223,79.9944157475918,2.885662431941924,1.6726278764478348,1.6186721384979046,0.1977978505966902,-0.2007999348634484,0.0003488940060009769,4.111405835543767
MOZAMBIQUE,Republic,Maputo,25.18,39.35,1200.0,2.36,8.1,2.55,17.0,63.4%,31.0,0.0850408003615695,16.731354573849476,0.21529316547232785,42.093609160785704,41.34617487728579,39.526691930110125,6.087387776901752,3.01410431661259,0.21529316547232782,0.17789072426937738,,0.016262603517726237,3.140975101096162
NAURU,Republic,no official capital; government offices in the Yaren District,,149.47,11900.0,1.5,26.6,0.42,27.0,,100.0,1.522533495736906,110.84043848964677,9.642712139667074,101.50223304912708,469.14285714285717,1428.5714285714284,,710.5156313438896,6699147.381242387,441.560179300194,,0.0,1428.5714285714284
NEPAL,Republic,Kathmandu,14.46,115.09,3800.0,4.25,9.5,0.74,25.3,71.2%,89.0,0.04504935574405014,50.48634695453895,4.110106450786184,122.97956309438976,215.55094139559543,195.25500345306276,0.4115771776967025,1.5210630172200839,0.22654130043703377,0.060821965418368235,,0.026022380606192375,0.0
NETHERLANDS,Monarchy,Amsterdam; note - The Hague is the seat of government,11.77,992.67,56600.0,4.86,9.6,0.36,42.8,,100.0,2.4856375397748387,94.82401154837429,43.08890381489161,125.33261413668059,515.2665742188652,4104.800401262797,90.13660637889829,1.660565519903023,12.253828319284377,0.21558020288716293,,0.1841465469513516,13.306582480158145
NEW CALEDONIA,Democracy,Noumea,23.39,10.27,35700.0,2.0,41.0,1.17,32.9,96.9%,100.0,3.5619026080709855,79.0868758356004,18.291750088132975,86.47009132571952,16.453187414500682,307.6333789329686,,83.14431858242263,16.628863716484524,0.48685491723466406,,0.016150740242261104,123.33789329685364
NICARAGUA,Republic,Managua,26.56,38.63,5600.0,10.34,11.6,0.91,27.3,82.6%,86.0,0.2888506026002215,61.842646708038714,4.565490545213768,98.02152275056217,53.00182515209601,199.15826318859905,,23.114337823752074,0.6289615734354306,0.10354646647683147,,0.07961954437370561,7.583965330444204
NIGER,Republic,Niamey,28.19,29.96,1200.0,1.39,1.0,3.66,14.8,37.3%,18.0,0.012757492664441717,21.656237547663412,0.04724997283126562,55.12496830314323,20.04960922080998,14.9593431751796,,1.1812493207816406,0.07874995471877604,0.06675567423230974,,236.77979479084453,0.0
NIGERIA,Republic,Abuja,27.65,1050.0,4900.0,3.65,19.6,2.53,18.6,62%,59.0,0.05064486692570622,50.03406149960711,0.02829328708851809,84.52865464347735,253.4594353336964,214.10501906083655,4.170106986631063,0.23392548233582547,0.4505231511652935,0.09904761904761905,-0.1871359203688058,0.014072797498939128,0.9365722115840697
NORTH MACEDONIA,Republic,Skopje,12.6,34.01,16500.0,3.96,34.1,0.11,39.0,98.4%,100.0,0.9037175226515297,81.70018889946144,22.29149577437061,90.99760477357846,83.88353713679078,557.6219871820076,27.483977509534856,4.687331549022457,3.28113208431572,0.20582181711261394,0.12364572928195444,0.010889433360556916,0.0
NORTHERN MARIANA ISLANDS,Republic,Saipan,27.49,1.24,24500.0,-11.14,,0.35,32.8,,100.0,,23.976995808558335,,39.91422165903109,110.54956896551724,1155.1724137931035,,97.47538746466518,0.0,0.0,,0.0,3193.965517241379
NORWAY,Monarchy,Oslo,3.11,368.15,67500.0,3.3,13.0,0.79,39.5,,100.0,6.852540334595468,95.49968881321004,42.652615505319474,103.60983821859675,18.397157899579994,311.88831412965607,12.64616375598951,16.970576949597746,6.43095547563704,0.09778622843949478,0.7842903790060841,0.06028375365192309,82.64701822651357
OMAN,Monarchy,Muscat,28.22,155.03,34300.0,3.09,14.6,1.8,26.2,95.7%,100.0,2.243662065520358,112.69178145620215,13.276474416748293,159.5302683081755,12.38599353796446,194.60420032310176,,34.433599889395104,19.825405996924452,0.49022769786492937,0.2546965966819768,0.0,6.759289176090468
PAKISTAN,Republic,Islamabad,22.14,1211.0,5200.0,6.49,9.4,1.91,22.0,58%,94.0,0.16121311339484892,19.503051664298567,1.0187727936111848,76.19977635612422,321.2629168153073,342.6949894600292,15.412356088860061,0.6097227331902865,0.7793144867928827,0.1593724194880264,-0.18662083324375422,0.03167963622431996,1.3568996270471867
PALAU,Republic,Ngerulmud,27.81,248.47,13800.0,-13.33,5.6,0.39,33.9,96.6%,100.0,,30.745213278846595,5.620092749896689,110.19789705679784,47.44880174291939,272.33115468409585,,137.7473713209973,,,,0.0,3309.368191721133
PANAMA,Republic,Panama City,26.13,126.35,29000.0,15.34,30.0,1.51,30.1,95.7%,95.0,0.9323113783767337,67.9365719460104,12.770190921748512,136.3103493374822,59.24277643260694,,1.0357815442561205,26.566106008299524,5.676518377841779,0.19786307874950534,-0.2218452785866584,0.014319809069212411,33.49475383373688
PAPUA NEW GUINEA,Democracy,Port Moresby,24.83,36.59,3700.0,0.3,5.3,2.31,24.0,64.2%,20.0,0.11599545794782751,32.26282798759592,0.21386344309959418,48.883072708478664,21.682970454445083,20.644349247007906,,57.13209122803444,0.6110384088559834,0.1639792292976223,,0.021562527007173104,11.376584374861988
PARAGUAY,Republic,Asuncion,24.85,91.76,13700.0,4.1,16.3,1.12,29.7,94.5%,100.0,1.186984222693348,69.34267472398349,7.5588623070075345,107.19382870356617,18.725964128043653,198.36547512975017,0.07550931029795974,107.39445067738478,0.9408775403525576,0.07628596338273758,,0.023232829832428605,0.0
PERU,Republic,Lima,20.17,421.94,12500.0,13.35,11.2,0.5,29.1,94.5%,95.0,0.4728704890960504,74.41390877952189,9.383427436821236,132.95057128550368,25.34396357488617,14.608639401998131,,5.887761630856952,1.664602764744897,0.12798028155661942,-0.17540860744690837,0.0040615740856011755,1.8859433935731047
PHILIPPINES,,,27.16,921.83,8100.0,5.7,7.3,1.58,25.7,96.3%,97.0,0.2557427640687112,53.46890136347808,7.278900383704026,149.80944664887238,365.6818023275313,,,0.08254204327123546,1.3023300160572706,0.15404141761496154,-0.1780437962661513,0.0061,121.70573833719018
POLAND,Republic,Warsaw,10.91,1318.0,34900.0,6.85,13.4,0.28,41.9,99.8%,100.0,1.2441906491001233,85.01841951753441,22.029031237979304,133.15723464921322,124.86817307850323,1380.4210284136661,63.96279436656752,3.3165081086254324,8.001733849381996,0.2306525037936267,0.20471942190272366,0.026960039656523337,1.4461553631000312
PORTUGAL,Republic,Lisbon,16.92,347.69,33700.0,5.48,23.1,0.17,44.6,95.9%,100.0,2.1875840616639683,80.21010158317152,40.699735404449704,122.03836390936257,111.76505958237674,906.3080791516344,27.615611675959332,6.260301374820872,4.890860449078806,0.1438062642008686,-0.1899643875214293,0.006732544250190032,19.60205531868372
PUERTO RICO,Republic,San Juan,25.86,106.5,32600.0,0.21,18.5,1.29,43.6,92.4%,100.0,2.0213841509745003,83.86781717659734,21.95668023305447,119.75150712505204,341.255832124121,2998.325705993973,,9.485459608132768,5.887526653323786,0.16901408450704225,-0.22741178295271922,0.015927065026362038,55.921419801317114
QATAR,Monarchy,Doha,28.7,249.64,92900.0,1.59,1.1,0.86,33.7,93.5%,100.0,4.199274595356273,106.63069131441678,11.694859294878883,153.09398824060938,218.54859312963922,607.5435870878647,,2.369570918098151,43.83706198481579,0.4446402820060888,,0.0,48.59312963921975
ROMANIA,Republic,Bucharest,12.27,588.45,30800.0,5.1,20.6,1.01,42.5,98.9%,100.0,1.1201371666019055,87.08782725529235,31.019756441102466,125.11508716394727,79.71746175361366,366.19528385191245,46.230604938862335,2.455483851183055,3.710508930676616,0.11555782139519075,-0.05278732781548081,0.035655708478927475,0.9787246999665059
RUSSIA,Other,Moscow,-2.63,4078.0,28000.0,4.75,16.9,0.24,40.3,99.7%,100.0,1.7995902481206578,93.15525990271641,23.919239668462406,176.43041648241746,8.65192057610872,78.36165693659113,5.220133520237405,8.595689891023378,14008575.068703946,486758.21481118194,0.42373612443497727,0.04213883509193518,2.299034873061256
RWANDA,Republic,Kigali,18.91,30.14,2200.0,10.88,2.9,1.68,19.7,75.9%,48.0,0.0197753210112935,29.103302620394206,0.1319722838055568,81.36230470098185,543.2358115777525,190.5302416085617,,0.5223669701096396,0.07462385287280565,0.033178500331785,,0.06340648492672185,0.0
"SAINT HELENA, ASCENSION, AND TRISTAN DA CUNHA",Democracy,Jamestown,,31.1,7800.0,,,0.11,44.7,,100.0,1.0081915563957151,28.82167611846251,12.60239445494644,50.40957781978576,65.04098360655738,1622.9508196721313,,4032.766225582861,1638311.2791430373,418.0064308681672,,0.0,491.8032786885246
SAINT KITTS AND NEVIS,Democracy,Basseterre,28.49,1.26,26500.0,-0.88,,0.59,38.1,,100.0,1.2952186365543537,69.17562070160717,54.727548023423395,103.98234124450445,210.02681992337165,1467.4329501915709,191.57088122605364,4049.838553733331,4888994.29009249,212698.4126984127,,0.0,517.2413793103448
SAINT LUCIA,Democracy,Castries,27.88,2.34,13000.0,12.23,38.7,0.27,39.0,,100.0,0.5489554928367275,83.77538173290928,19.69079485175218,101.4374280241779,276.55280528052805,1996.6996699669967,,2177.921248754408,3932192.0628196024,281623.9316239316,,0.016233766233766232,260.72607260726073
SAINT MARTIN,Democracy,Marigot,,561.5,19300.0,,,0.31,34.0,,100.0,,58.619326990303065,,209.25920296683586,657.94,,,,,,,,1178.0
SAINT VINCENT AND THE GRENADINES,Democracy,Kingstown,27.07,1.43,13700.0,1.35,41.1,0.16,37.0,,100.0,0.48609182175310506,84.32205071227332,24.535732709019484,113.97563588746479,259.1362467866324,,,59.521447561604695,2003888.7345740248,141258.74125874127,,0.0,215.9383033419023
SAMOA,Republic,Apia,28.13,1.21,5500.0,-7.08,19.7,0.65,26.9,99.1%,98.0,0.24096269415569083,82.69839663423308,0.8154177570228577,33.25285179348533,73.55583126550869,407.6568592697625,,19.277015532455266,1710835.1285054048,293388.42975206615,,0.0035323207347227126,142.85714285714286
SAN MARINO,Republic,San Marino,14.3,1.92,56400.0,-6.65,27.4,0.59,45.9,99.9%,100.0,,73.08265504986817,31.525851197982345,114.63945890175398,572.0,4786.88524590164,,,,,,0.0,0.0
SAO TOME AND PRINCIPE,Republic,Sao Tome,24.82,904.06,4100.0,1.88,22.9,1.45,20.4,94.8%,78.0,0.1270578839416986,50.913909208066364,1.1398907302198102,85.87252464015393,228.60165975103735,1348.5477178423237,,4864.501842339317,785036.2114969234,191.35898059863285,,0.0,216.80497925311204
SAUDI ARABIA,Monarchy,Riyadh,26.35,1594.0,44300.0,3.24,28.8,1.65,32.0,97.6%,100.0,2.136488994960073,100.16748560078483,21.954100141775946,126.39834783749251,16.718599425963745,102.97856900297252,2.516641934418451,5.9544005329355425,16110270.600792892,363237.139272271,-0.019223445802939238,0.0,1.2280840493280427
SENEGAL,Republic,Dakar,29.41,35.73,2600.0,3.9,8.2,2.52,19.0,56.3%,46.0,0.05395802805164741,26.65265498518874,0.005439317343916069,75.03538275932218,95.4898457383265,230.09920531865163,5.640679374642913,0.870290775026571,0.10878634687832138,0.0559753708368318,,0.021309258750927706,2.7580117384303744
SERBIA,Republic,Belgrade,13.43,135.53,19800.0,7.55,30.4,0.63,43.7,99.5%,100.0,1.3425215231478889,83.50047621715503,25.853862961510448,127.01393542121875,86.39511319926685,571.1335415752382,43.02088442574283,3.884437970381161,7.021868638765944,0.3467866892938833,0.6320311612869135,0.0,0.0
SEYCHELLES,Republic,Victoria,27.64,2.85,28800.0,7.86,16.5,0.6,38.2,95.9%,100.0,1.6083264185541453,92.40193818699612,35.819580605837096,188.65668889640125,214.54285714285714,1156.043956043956,,143.41764241884098,10.244117315631499,0.3508771929824561,,0.0,1079.1208791208792
SIERRA LEONE,Republic,Freetown,26.99,13.6,1600.0,4.1,10.8,2.41,19.2,47.7%,27.0,0.020206465170789535,11.759028922187149,,92.35581564519244,124.37922368053616,163.3761519128735,,0.8980651187017571,100920.06771410994,66102.94117647059,,0.0016727069974909396,5.612957274504328
SINGAPORE,Republic,Singapore,28.41,578.25,106000.0,7.61,9.1,0.9,38.9,97.5%,100.0,2.0484042612833355,89.85198103619466,25.265326088721007,144.9396632818348,8425.525944726453,4935.138183869148,,,39.83008285828708,0.4115866839602248,,0.013908205841446454,272.1376198533559
SINT MAARTEN,Democracy,Philipsburg,,1.44,35300.0,-6.6,,1.19,41.1,,100.0,,85.57698622939336,,150.71042318891347,1343.4411764705883,1558.8235294117646,,,,,,0.0,1732.3529411764705
SLOVAKIA,Republic,Bratislava,11.08,173.58,31900.0,3.01,21.5,0.13,42.5,,100.0,1.4502373040184364,88.58465281027715,31.36333550156221,135.70308031656756,112.78077122960191,1183.3697120881407,75.3975678203929,6.266912599977992,5.898270682332228,0.18435303606406267,-0.13294865509440612,0.01896604466197614,0.0
SLOVENIA,Republic,Ljubljana,11.65,84.4,40000.0,8.21,13.9,0.08,45.9,99.7%,100.0,1.9344791622019344,89.00890089008901,31.03186509127103,124.16803585120417,104.20276909334524,1934.6434420128035,59.89777182273833,7.61980960000762,6.191095300006191,0.15402843601895733,-0.012214750210448572,0.006017856262023381,2.312540320579624
SOLOMON ISLANDS,Democracy,Honiara,25.89,1.7,2400.0,-0.2,1.9,1.69,24.8,,76.0,0.05596237090180563,35.7599550062538,0.13990592725451406,65.75578580962161,25.540127206460372,49.66769098835132,,50.36613381162506,465886.7377575318,195882.35294117648,,0.031492248062015504,189.84492246123062
SOMALIA,Republic,Mogadishu,27.28,19.4,1100.0,4.05,34.7,2.49,19.0,,49.0,0.0071688563452571635,19.418935045119678,0.9374658297643983,69.67183023896082,20.234413082601538,23.910593508752076,,4.096489340146951,69482.76150018482,45463.9175257732,,0.016184249525999086,4.8219696909316685
SOUTH AFRICA,Republic,Pretoria,18.99,790.62,13300.0,4.91,64.2,1.08,30.1,95%,89.0,1.0806167522608574,73.18039732821263,2.2447794021023726,172.8352935274695,47.797254769570266,617.5533360231212,17.279965746374963,7.0113987082350615,8.096701210983978,0.5944701626571551,0.39948298157658996,0.0037897119982938095,2.3038856455902574
SOUTH SUDAN,Republic,Juba,,20.01,1600.0,-5.2,21.0,4.78,18.7,34.5%,7.0,0.009984833780161522,7.1709260784796385,0.0016503857487870283,27.23136485498597,,,,7.261697294662925,0.08251928743935141,0.04997501249375312,,,
SPAIN,,,15.1,167.4,34000.0,7.4,,0.12,46.3,98.6%,100.0,0.00010588147674081483,0.005236897839600701,0.005717599744004001,0.010588147674081482,94.63828810773978,1369.1430518257243,31.041324301575212,2.8587998720020003,698.8177464893779,197.13261648745518,,0.012644201278271365,9.948294520822477
SRI LANKA,Republic,Colombo,27.86,296.6,13400.0,3.33,26.1,0.56,33.9,92.3%,100.0,0.19407301775440156,63.19055183785905,7.637439878948509,131.88620110405984,360.9201918613647,1765.3257001392544,24.168342874825935,0.771662098427044,0.9860126813234451,0.07754551584625757,,0.014936747447035513,20.733405539223273
SUDAN,Republic,Khartoum,27.73,168.98,3700.0,-1.87,35.6,2.55,19.1,60.7%,61.0,0.08850033299419047,26.928167466858874,0.05850290730911323,33.92195608094752,28.410451523412934,17.901783883890186,4.1872849981318625,1.3618562955008637,0.34554562721663706,0.1006036217303823,,0.06973629641726709,0.49258779525672025
SURINAME,Republic,Paramaribo,27.6,9.05,14800.0,-2.73,30.5,1.11,31.6,95%,98.0,0.8471940214987206,62.9299470581891,14.422618517285414,141.6423997161431,4.10101923076923,27.58974358974359,,85.96987303031298,3.12617720110229,0.22099447513812154,,0.047735319252838485,2.4743589743589745
SWEDEN,Monarchy,Stockholm,4.19,574.88,54800.0,2.6,24.5,0.51,41.0,,100.0,4.128474238392884,83.52047931643803,39.66818452483206,121.89892731231666,25.677405047095665,1396.7465607369588,26.58803173017169,21.92412582056498,4.5556625081693465,0.08349568605622043,-0.16949144792504955,0.08874182480373977,7.842372695480522
SYRIA,Republic,Damascus,19.79,50.28,2900.0,-3.87,26.2,6.39,23.9,86.4%,88.0,0.4396183038713053,37.0307912898367,6.755854560730312,74.08677712995875,123.37350648512268,375.8896533915766,11.03896453221581,3.924384779648629,1.1337111585651594,0.5171042163882259,-0.1894687219853607,0.008269445200253953,1.038265182610941
TAJIKISTAN,Republic,Dushanbe,5.0,38.06,3900.0,9.2,17.4,1.94,22.7,99.8%,99.0,0.769419043197028,32.544608512906805,0.06489336883865854,129.7867376773171,65.33769344922621,211.999152003392,4.805314112076886,2.5957347535463415,0.757089303117683,0.1839201261166579,-0.1660568805314274,0.017973629424011102,0.0
TANZANIA,Republic,"Dodoma; note - Dodoma was designated the national capital in 1996; Dar es Salaam, the original national capital, is the country’s",23.02,159.33,2600.0,4.28,4.6,2.75,18.9,81.8%,42.0,0.024724766730280765,31.19921273174061,1.7299841587825435,82.26354919501918,74.10553398058252,163.92300745089184,4.625197561526305,2.5288424382172563,0.1675738965083724,0.06903910123642754,,0.06492135543122558,1.6075863626100702
THAILAND,Monarchy,Bangkok,27.79,1223.0,17100.0,1.53,7.0,0.2,41.0,94.1%,100.0,0.7612293471407413,87.68536805009104,16.445684495122194,171.9320942158648,136.6145295464777,352.43007300984556,8.078059856329151,1.447095126316862,4.369940727986563,0.24938675388389206,-0.14176827184557533,0.004345961958216402,6.3007692458259115
TIMOR-LESTE,Republic,Dili,,6.65,5000.0,5.29,13.8,2.1,20.3,68.1%,100.0,0.19240644913898114,34.348616096289945,0.0050811562272618255,94.84824957555408,99.23638563937071,406.0777195105553,,4.064924981809461,364488.27336891496,80902.25563909774,,0.0,47.46537582358478
TOGO,Republic,Lome,28.06,18.37,2100.0,5.26,9.7,2.45,20.5,66.5%,55.0,0.024126946340867105,34.58195642190952,0.6055403970674961,72.38083902260132,160.0434127057093,182.97324629953113,10.444056265514389,0.919121765366366,0.22978044134159148,0.10887316276537833,,0.04226468257462358,1.029695688149306
TONGA,Monarchy,Nuku’alofa,25.62,651.25,6100.0,-2.67,11.1,0.3,25.4,99.4%,100.0,0.24709896313473545,70.04305224242309,4.751903137206451,60.82436015624257,146.75174337517433,948.3960948396095,,57.02283764647742,1625150.8729246063,262.57197696737046,,0.040160642570281124,584.3793584379358
TRINIDAD AND TOBAGO,Republic,Port of Spain,27.62,35.15,23000.0,-1.03,12.7,0.12,38.0,99%,100.0,1.5083910022309692,84.19422221590666,26.769570716041663,142.09995310701547,274.4656786271451,,,2.8419990621403097,27.70949085586802,1.1095305832147937,0.8921097865418699,0.0,70.59282371294852
TUNISIA,Republic,Tunis,21.62,127.51,10400.0,4.32,38.3,0.63,34.0,82.7%,99.0,0.4823740988572151,79.15711367779815,11.139267923617059,133.5985040975496,77.08665036045313,,13.986869207003089,2.421472886768087,1.9204784964022759,0.18037800956787703,-0.19699900724459862,0.05042479066071756,7.38928939237899
TURKEY (TURKIYE),Republic,Ankara,13.16,2668.0,31500.0,11.35,24.3,0.64,33.6,96.7%,100.0,1.1585352891684153,82.36287989100778,20.01932734397489,102.87883326981364,108.6148743815226,87.48726664171969,14.93830817845412,1.1723401930746202,4.677398117267108,0.14655172413793102,-0.06853644385221686,0.017777789121983967,9.355120369215419
TURKMENISTAN,Republic,Ashgabat,17.34,92.33,15000.0,6.3,11.0,0.95,30.7,99.7%,100.0,0.9146312533628733,27.465700010086422,0.17572166250967786,110.70464738109706,12.109927010405805,124.68239950630945,10.880343881003554,4.568763225251624,19.153661213554887,1.1805480342250623,,0.0372259782831387,0.0
TURKS AND CAICOS ISLANDS,Democracy,Grand Turk,,835.17,18500.0,2.1,,1.81,35.9,,100.0,1.431771859787424,62.337662337662344,,42.25411423855004,62.62341772151899,127.63713080168777,,134.75499856822813,4126871.831151987,293.35344899840754,,0.0,410.337552742616
TUVALU,Democracy,Funafuti; note - the capital is an atoll of some 29 islets; administrative offices are in Vaiaku Village on Fongafale Islet,,55.17,4900.0,2.99,20.6,0.81,27.5,,99.0,,68.04708308273906,3.8663115387919924,77.32623077583985,447.65384615384613,307.6923076923077,,171.83606839075523,,,,0.0,923.0769230769231
UGANDA,Republic,Kampala,23.12,103.01,2200.0,3.54,4.3,3.22,16.1,79%,45.0,0.05022003793341338,9.63755421333757,0.12276148947310904,62.85361443481024,242.16109589041096,104.23135464231355,6.311516996448503,0.9847066261453605,0.10475602405801707,0.04853897679836909,,0.18228661040997685,0.0
UKRAINE,Republic,Kyiv,11.21,379.89,10700.0,3.4,16.5,2.33,45.3,100%,100.0,1.3119515586548405,79.88725566385831,17.940505758526605,129.31091116000962,74.7526919027152,292.91422850534235,37.51402482177688,4.318060783378892,4.271878315107461,0.4869830740477507,-0.10126194339563342,0.04012923535746831,4.8020989764037765
UNITED ARAB EMIRATES,Other,Abu Dhabi,28.62,653.07,69700.0,3.92,10.7,0.58,35.7,98.1%,100.0,3.526663644642891,94.25024382237278,32.537620636552106,180.47919029816063,119.29962918660287,48.803827751196174,,4.311447323789393,27.673475845717967,0.4226193210528733,0.1357138535952885,0.0,15.76555023923445
UNITED KINGDOM,Monarchy,London,9.88,3136.0,46200.0,4.1,11.2,0.49,40.6,,100.0,1.6606327783870272,95.39545376442481,39.69856447055676,117.73082594558458,281.6454511635597,1630.3393543586988,67.74686892902906,6.750957359133496,5.841045715076373,0.12691326530612246,-0.171414629940515,0.006896268626082673,51.374364485595
UNITED STATES,Republic,"Washington, DC",10.73,21132.0,63700.0,5.95,8.6,0.68,38.5,,100.0,3.3768554355940665,91.81690537913875,35.29064176675333,146.26170709704726,37.13163867259945,720.0375005752879,32.09193937683935,41.38487956246364,14738045.606437573,236891.9174711338,0.1452880981317344,0.06975368019397332,2.178059299315131
URUGUAY,Republic,Montevideo,18.44,78.12,22800.0,4.37,32.9,0.27,36.2,98.8%,100.0,1.5654527870211437,89.57153194249625,31.136381731622617,137.57718958487985,19.519835442676342,444.1447875896352,9.559180641659287,38.93141747827451,1.7563045478920833,0.07680491551459293,,0.0068098629515081005,3.771105333828529
UZBEKISTAN,Republic,Tashkent,14.59,270.06,7700.0,7.42,16.0,1.61,28.7,100%,99.0,0.5115297309038572,83.47991743587448,15.369516935071502,111.60416769501936,73.72081805359662,203.32863187588154,10.912082745651153,1.6900059679531503,3.252464315683421,0.37769384581204174,-0.10822058148633197,0.04917299955297273,0.0
VANUATU,Republic,Port-Vila,24.82,888.16,2800.0,0.45,5.4,1.59,24.2,89.1%,70.0,0.11180465490694658,67.46612318956319,0.8896456111881321,79.86046779067613,25.682664697678234,87.78406760193617,,99.0269800604384,718744.2101160851,253.33273284092957,,0.0,207.40011485765854
VENEZUELA,Republic,Caracas,26.27,269.07,7704.0,-19.67,14.9,2.4,30.8,97.5%,99.0,1.0798780795497516,74.49363757959989,8.393519158693845,55.70435535970924,34.599240405872685,109.05164106343179,0.5067739924040587,14.548666929241707,3.375028589441207,0.38280001486602,-0.1503097842994545,0.032892933501452774,3.1744232186383994
VIETNAM,Communist,Hanoi,25.54,1036.0,10600.0,2.56,7.2,0.93,32.7,95.8%,100.0,0.6229342990814031,68.49290625134125,15.934523491568742,133.58883916394225,337.98553229915825,630.3995871899893,8.385203341181024,0.4293926973126716,2.375972925130116,0.24034749034749034,-0.13061893708077765,0.06382657528456266,11.10716934885671
VIRGIN ISLANDS,Republic,Charlotte Amalie,27.88,3.87,37000.0,-2.15,27.0,0.49,42.7,,100.0,3.0595613675572118,64.34419588817828,,76.25075059332615,303.228323699422,3641.618497109827,,,19.06268764833154,0.5167958656330749,,0.818848167539267,543.3526011560695
YEMEN,Other,Sanaa,26.0,73.63,2500.0,-5.9,25.5,1.83,21.6,70.1%,74.0,0.05613705704076228,26.071493900227214,1.2386901412493256,47.5200821451148,59.786960573368084,135.0460633977817,,1.8057631215143624,0.31680054763409865,0.13581420616596496,-0.1972907943177528,0.0,3.610067276804655
ZAMBIA,Republic,Lusaka,22.28,63.03,3200.0,4.6,26.1,2.86,18.2,86.7%,46.0,0.15161236660275862,19.73681379265928,0.40718679222314136,98.93139745693874,27.194085805988177,91.02930058999351,4.205015348440539,4.352981488105305,0.2967941923708162,0.09519276534983341,,0.012250570674631752,0.0
ZIMBABWE,Republic,Harare,22.53,33.83,2100.0,8.47,7.3,1.99,21.0,89.7%,48.0,0.16038992717532,36.31959531669196,1.3195752112016896,92.46962481987751,39.85729241793267,251.43532197483762,8.858799473693734,12.711858360842184,0.45399494145864944,0.2069169376293231,,0.010006218698577377,0.0
